"container","dest","src","local_size","remote_size","result","run_at"
"pbcc-jsonbin","index_constituency_access_2026-09-02.json.gz","F:/GitHub/PlaceBasedCarbonCalculator/build/outputdata/jsonbin/index_constituency_access_2026-09-02.json.gz",7731,7731,"uploaded","2026-09-02 23:36:00"
"pbcc-jsonbin","data_constituency_access_2026-09-02.bin","F:/GitHub/PlaceBasedCarbonCalculator/build/outputdata/jsonbin/data_constituency_access_2026-09-02.bin",4894348,4894348,"uploaded","2026-09-02 23:36:00"
"pbcc-jsonbin","index_constituency_community_pics_2026-09-02.json.gz","F:/GitHub/PlaceBasedCarbonCalculator/build/outputdata/jsonbin/index_constituency_community_pics_2026-09-02.json.gz",7341,7341,"uploaded","2026-09-02 23:36:00"
"pbcc-jsonbin","data_constituency_community_pics_2026-09-02.bin","F:/GitHub/PlaceBasedCarbonCalculator/build/outputdata/jsonbin/data_constituency_community_pics_2026-09-02.bin",138461,138461,"uploaded","2026-09-02 23:36:00"
"pbcc-jsonbin","index_constituency_epc_dom_2026-09-02.json.gz","F:/GitHub/PlaceBasedCarbonCalculator/build/outputdata/jsonbin/index_constituency_epc_dom_2026-09-02.json.gz",7233,7233,"uploaded","2026-09-02 23:36:00"
"pbcc-jsonbin","data_constituency_epc_dom_2026-09-02.bin","F:/GitHub/PlaceBasedCarbonCalculator/build/outputdata/jsonbin/data_constituency_epc_dom_2026-09-02.bin",669257,669257,"uploaded","2026-09-02 23:36:00"
"pbcc-jsonbin","index_constituency_gas_electric_2026-09-02.json.gz","F:/GitHub/PlaceBasedCarbonCalculator/build/outputdata/jsonbin/index_constituency_gas_electric_2026-09-02.json.gz",7279,7279,"uploaded","2026-09-02 23:36:00"
"pbcc-jsonbin","data_constituency_gas_electric_2026-09-02.bin","F:/GitHub/PlaceBasedCarbonCalculator/build/outputdata/jsonbin/data_constituency_gas_electric_2026-09-02.bin",794342,794342,"uploaded","2026-09-02 23:36:00"
"pbcc-jsonbin","index_constituency_population_2026-09-02.json.gz","F:/GitHub/PlaceBasedCarbonCalculator/build/outputdata/jsonbin/index_constituency_population_2026-09-02.json.gz",7192,7192,"uploaded","2026-09-02 23:36:00"
"pbcc-jsonbin","data_constituency_population_2026-09-02.bin","F:/GitHub/PlaceBasedCarbonCalculator/build/outputdata/jsonbin/data_constituency_population_2026-09-02.bin",476601,476601,"uploaded","2026-09-02 23:36:00"
"pbcc-jsonbin","index_constituency_prices_2026-09-02.json.gz","F:/GitHub/PlaceBasedCarbonCalculator/build/outputdata/jsonbin/index_constituency_prices_2026-09-02.json.gz",6503,6503,"uploaded","2026-09-02 23:36:00"
"pbcc-jsonbin","data_constituency_prices_2026-09-02.bin","F:/GitHub/PlaceBasedCarbonCalculator/build/outputdata/jsonbin/data_constituency_prices_2026-09-02.bin",306215,306215,"uploaded","2026-09-02 23:36:00"
"pbcc-jsonbin","index_constituency_pt_frequency_2026-09-02.json.gz","F:/GitHub/PlaceBasedCarbonCalculator/build/outputdata/jsonbin/index_constituency_pt_frequency_2026-09-02.json.gz",8407,8407,"uploaded","2026-09-02 23:36:00"
"pbcc-jsonbin","data_constituency_pt_frequency_2026-09-02.bin","F:/GitHub/PlaceBasedCarbonCalculator/build/outputdata/jsonbin/data_constituency_pt_frequency_2026-09-02.bin",905944,905944,"uploaded","2026-09-02 23:36:00"
"pbcc-jsonbin","index_constituency_vehicle_summary_2026-09-02.json.gz","F:/GitHub/PlaceBasedCarbonCalculator/build/outputdata/jsonbin/index_constituency_vehicle_summary_2026-09-02.json.gz",7832,7832,"uploaded","2026-09-02 23:36:00"
"pbcc-jsonbin","data_constituency_vehicle_summary_2026-09-02.bin","F:/GitHub/PlaceBasedCarbonCalculator/build/outputdata/jsonbin/data_constituency_vehicle_summary_2026-09-02.bin",665612,665612,"uploaded","2026-09-02 23:36:00"
"pbcc-jsonbin","index_la_access_2026-09-02.json.gz","F:/GitHub/PlaceBasedCarbonCalculator/build/outputdata/jsonbin/index_la_access_2026-09-02.json.gz",4463,4463,"uploaded","2026-09-02 23:36:00"
"pbcc-jsonbin","data_la_access_2026-09-02.bin","F:/GitHub/PlaceBasedCarbonCalculator/build/outputdata/jsonbin/data_la_access_2026-09-02.bin",2712906,2712906,"uploaded","2026-09-02 23:36:00"
"pbcc-jsonbin","index_la_community_pics_2026-09-02.json.gz","F:/GitHub/PlaceBasedCarbonCalculator/build/outputdata/jsonbin/index_la_community_pics_2026-09-02.json.gz",4178,4178,"uploaded","2026-09-02 23:36:00"
"pbcc-jsonbin","data_la_community_pics_2026-09-02.bin","F:/GitHub/PlaceBasedCarbonCalculator/build/outputdata/jsonbin/data_la_community_pics_2026-09-02.bin",76181,76181,"uploaded","2026-09-02 23:36:00"
"pbcc-jsonbin","index_la_epc_dom_2026-09-02.json.gz","F:/GitHub/PlaceBasedCarbonCalculator/build/outputdata/jsonbin/index_la_epc_dom_2026-09-02.json.gz",4279,4279,"uploaded","2026-09-02 23:36:00"
"pbcc-jsonbin","data_la_epc_dom_2026-09-02.bin","F:/GitHub/PlaceBasedCarbonCalculator/build/outputdata/jsonbin/data_la_epc_dom_2026-09-02.bin",375059,375059,"uploaded","2026-09-02 23:36:00"
"pbcc-jsonbin","index_la_gas_electric_2026-09-02.json.gz","F:/GitHub/PlaceBasedCarbonCalculator/build/outputdata/jsonbin/index_la_gas_electric_2026-09-02.json.gz",4269,4269,"uploaded","2026-09-02 23:36:00"
"pbcc-jsonbin","data_la_gas_electric_2026-09-02.bin","F:/GitHub/PlaceBasedCarbonCalculator/build/outputdata/jsonbin/data_la_gas_electric_2026-09-02.bin",441470,441470,"uploaded","2026-09-02 23:36:00"
"pbcc-jsonbin","index_la_population_2026-09-02.json.gz","F:/GitHub/PlaceBasedCarbonCalculator/build/outputdata/jsonbin/index_la_population_2026-09-02.json.gz",4355,4355,"uploaded","2026-09-02 23:36:00"
"pbcc-jsonbin","data_la_population_2026-09-02.bin","F:/GitHub/PlaceBasedCarbonCalculator/build/outputdata/jsonbin/data_la_population_2026-09-02.bin",265979,265979,"uploaded","2026-09-02 23:36:00"
"pbcc-jsonbin","index_la_prices_2026-09-02.json.gz","F:/GitHub/PlaceBasedCarbonCalculator/build/outputdata/jsonbin/index_la_prices_2026-09-02.json.gz",3693,3693,"uploaded","2026-09-02 23:36:00"
"pbcc-jsonbin","data_la_prices_2026-09-02.bin","F:/GitHub/PlaceBasedCarbonCalculator/build/outputdata/jsonbin/data_la_prices_2026-09-02.bin",170562,170562,"uploaded","2026-09-02 23:36:00"
"pbcc-jsonbin","index_la_pt_frequency_2026-09-02.json.gz","F:/GitHub/PlaceBasedCarbonCalculator/build/outputdata/jsonbin/index_la_pt_frequency_2026-09-02.json.gz",4803,4803,"uploaded","2026-09-02 23:36:00"
"pbcc-jsonbin","data_la_pt_frequency_2026-09-02.bin","F:/GitHub/PlaceBasedCarbonCalculator/build/outputdata/jsonbin/data_la_pt_frequency_2026-09-02.bin",511607,511607,"uploaded","2026-09-02 23:36:00"
"pbcc-jsonbin","index_la_vehicle_summary_2026-09-02.json.gz","F:/GitHub/PlaceBasedCarbonCalculator/build/outputdata/jsonbin/index_la_vehicle_summary_2026-09-02.json.gz",4607,4607,"uploaded","2026-09-02 23:36:00"
"pbcc-jsonbin","data_la_vehicle_summary_2026-09-02.bin","F:/GitHub/PlaceBasedCarbonCalculator/build/outputdata/jsonbin/data_la_vehicle_summary_2026-09-02.bin",384969,384969,"uploaded","2026-09-02 23:36:00"
"pbcc-jsonbin","index_lsoa_overview_2026-09-02.json.gz","F:/GitHub/PlaceBasedCarbonCalculator/build/outputdata/jsonbin/index_lsoa_overview_2026-09-02.json.gz",405680,405680,"uploaded","2026-09-02 23:36:00"
"pbcc-jsonbin","data_lsoa_overview_2026-09-02.bin","F:/GitHub/PlaceBasedCarbonCalculator/build/outputdata/jsonbin/data_lsoa_overview_2026-09-02.bin",8545072,8545072,"uploaded","2026-09-02 23:36:00"
"pbcc-jsonbin","index_parish_access_2026-09-02.json.gz","F:/GitHub/PlaceBasedCarbonCalculator/build/outputdata/jsonbin/index_parish_access_2026-09-02.json.gz",138870,138870,"uploaded","2026-09-02 23:36:00"
"pbcc-jsonbin","data_parish_access_2026-09-02.bin","F:/GitHub/PlaceBasedCarbonCalculator/build/outputdata/jsonbin/data_parish_access_2026-09-02.bin",71151115,71151115,"uploaded","2026-09-02 23:36:00"
"pbcc-jsonbin","index_parish_community_pics_2026-09-02.json.gz","F:/GitHub/PlaceBasedCarbonCalculator/build/outputdata/jsonbin/index_parish_community_pics_2026-09-02.json.gz",115702,115702,"uploaded","2026-09-02 23:36:00"
"pbcc-jsonbin","data_parish_community_pics_2026-09-02.bin","F:/GitHub/PlaceBasedCarbonCalculator/build/outputdata/jsonbin/data_parish_community_pics_2026-09-02.bin",2284445,2284445,"uploaded","2026-09-02 23:36:00"
"pbcc-jsonbin","index_parish_emissions_2026-09-02.json.gz","F:/GitHub/PlaceBasedCarbonCalculator/build/outputdata/jsonbin/index_parish_emissions_2026-09-02.json.gz",124621,124621,"uploaded","2026-09-02 23:36:00"
"pbcc-jsonbin","data_parish_emissions_2026-09-02.bin","F:/GitHub/PlaceBasedCarbonCalculator/build/outputdata/jsonbin/data_parish_emissions_2026-09-02.bin",12308329,12308329,"uploaded","2026-09-02 23:36:00"
"pbcc-jsonbin","index_parish_epc_dom_2026-09-02.json.gz","F:/GitHub/PlaceBasedCarbonCalculator/build/outputdata/jsonbin/index_parish_epc_dom_2026-09-02.json.gz",133697,133697,"uploaded","2026-09-02 23:36:00"
"pbcc-jsonbin","data_parish_epc_dom_2026-09-02.bin","F:/GitHub/PlaceBasedCarbonCalculator/build/outputdata/jsonbin/data_parish_epc_dom_2026-09-02.bin",11921973,11921973,"uploaded","2026-09-02 23:36:00"
"pbcc-jsonbin","index_parish_gas_electric_2026-09-02.json.gz","F:/GitHub/PlaceBasedCarbonCalculator/build/outputdata/jsonbin/index_parish_gas_electric_2026-09-02.json.gz",134471,134471,"uploaded","2026-09-02 23:36:00"
"pbcc-jsonbin","data_parish_gas_electric_2026-09-02.bin","F:/GitHub/PlaceBasedCarbonCalculator/build/outputdata/jsonbin/data_parish_gas_electric_2026-09-02.bin",12395764,12395764,"uploaded","2026-09-02 23:36:00"
"pbcc-jsonbin","index_parish_population_2026-09-02.json.gz","F:/GitHub/PlaceBasedCarbonCalculator/build/outputdata/jsonbin/index_parish_population_2026-09-02.json.gz",135994,135994,"uploaded","2026-09-02 23:36:00"
"pbcc-jsonbin","data_parish_population_2026-09-02.bin","F:/GitHub/PlaceBasedCarbonCalculator/build/outputdata/jsonbin/data_parish_population_2026-09-02.bin",8727958,8727958,"uploaded","2026-09-02 23:36:00"
"pbcc-jsonbin","index_parish_prices_2026-09-02.json.gz","F:/GitHub/PlaceBasedCarbonCalculator/build/outputdata/jsonbin/index_parish_prices_2026-09-02.json.gz",120039,120039,"uploaded","2026-09-02 23:36:00"
"pbcc-jsonbin","data_parish_prices_2026-09-02.bin","F:/GitHub/PlaceBasedCarbonCalculator/build/outputdata/jsonbin/data_parish_prices_2026-09-02.bin",5567063,5567063,"uploaded","2026-09-02 23:36:00"
"pbcc-jsonbin","index_parish_pt_frequency_2026-09-02.json.gz","F:/GitHub/PlaceBasedCarbonCalculator/build/outputdata/jsonbin/index_parish_pt_frequency_2026-09-02.json.gz",124012,124012,"uploaded","2026-09-02 23:36:00"
"pbcc-jsonbin","data_parish_pt_frequency_2026-09-02.bin","F:/GitHub/PlaceBasedCarbonCalculator/build/outputdata/jsonbin/data_parish_pt_frequency_2026-09-02.bin",8030414,8030414,"uploaded","2026-09-02 23:36:00"
"pbcc-jsonbin","index_parish_vehicle_summary_2026-09-02.json.gz","F:/GitHub/PlaceBasedCarbonCalculator/build/outputdata/jsonbin/index_parish_vehicle_summary_2026-09-02.json.gz",139943,139943,"uploaded","2026-09-02 23:36:00"
"pbcc-jsonbin","data_parish_vehicle_summary_2026-09-02.bin","F:/GitHub/PlaceBasedCarbonCalculator/build/outputdata/jsonbin/data_parish_vehicle_summary_2026-09-02.bin",10786332,10786332,"uploaded","2026-09-02 23:36:00"
"pbcc-jsonbin","index_ward_access_2026-09-02.json.gz","F:/GitHub/PlaceBasedCarbonCalculator/build/outputdata/jsonbin/index_ward_access_2026-09-02.json.gz",101863,101863,"uploaded","2026-09-02 23:36:00"
"pbcc-jsonbin","data_ward_access_2026-09-02.bin","F:/GitHub/PlaceBasedCarbonCalculator/build/outputdata/jsonbin/data_ward_access_2026-09-02.bin",58791450,58791450,"uploaded","2026-09-02 23:36:00"
"pbcc-jsonbin","index_ward_community_pics_2026-09-02.json.gz","F:/GitHub/PlaceBasedCarbonCalculator/build/outputdata/jsonbin/index_ward_community_pics_2026-09-02.json.gz",87389,87389,"uploaded","2026-09-02 23:36:00"
"pbcc-jsonbin","data_ward_community_pics_2026-09-02.bin","F:/GitHub/PlaceBasedCarbonCalculator/build/outputdata/jsonbin/data_ward_community_pics_2026-09-02.bin",1695813,1695813,"uploaded","2026-09-02 23:36:00"
"pbcc-jsonbin","index_ward_emissions_2026-09-02.json.gz","F:/GitHub/PlaceBasedCarbonCalculator/build/outputdata/jsonbin/index_ward_emissions_2026-09-02.json.gz",91069,91069,"uploaded","2026-09-02 23:36:00"
"pbcc-jsonbin","data_ward_emissions_2026-09-02.bin","F:/GitHub/PlaceBasedCarbonCalculator/build/outputdata/jsonbin/data_ward_emissions_2026-09-02.bin",8409573,8409573,"uploaded","2026-09-02 23:36:00"
"pbcc-jsonbin","index_ward_epc_dom_2026-09-02.json.gz","F:/GitHub/PlaceBasedCarbonCalculator/build/outputdata/jsonbin/index_ward_epc_dom_2026-09-02.json.gz",91801,91801,"uploaded","2026-09-02 23:36:00"
"pbcc-jsonbin","data_ward_epc_dom_2026-09-02.bin","F:/GitHub/PlaceBasedCarbonCalculator/build/outputdata/jsonbin/data_ward_epc_dom_2026-09-02.bin",8817816,8817816,"uploaded","2026-09-02 23:36:00"
"pbcc-jsonbin","index_ward_gas_electric_2026-09-02.json.gz","F:/GitHub/PlaceBasedCarbonCalculator/build/outputdata/jsonbin/index_ward_gas_electric_2026-09-02.json.gz",90490,90490,"uploaded","2026-09-02 23:36:00"
"pbcc-jsonbin","data_ward_gas_electric_2026-09-02.bin","F:/GitHub/PlaceBasedCarbonCalculator/build/outputdata/jsonbin/data_ward_gas_electric_2026-09-02.bin",9658998,9658998,"uploaded","2026-09-02 23:36:00"
"pbcc-jsonbin","index_ward_population_2026-09-02.json.gz","F:/GitHub/PlaceBasedCarbonCalculator/build/outputdata/jsonbin/index_ward_population_2026-09-02.json.gz",92572,92572,"uploaded","2026-09-02 23:36:00"
"pbcc-jsonbin","data_ward_population_2026-09-02.bin","F:/GitHub/PlaceBasedCarbonCalculator/build/outputdata/jsonbin/data_ward_population_2026-09-02.bin",7261592,7261592,"uploaded","2026-09-02 23:36:00"
"pbcc-jsonbin","index_ward_prices_2026-09-02.json.gz","F:/GitHub/PlaceBasedCarbonCalculator/build/outputdata/jsonbin/index_ward_prices_2026-09-02.json.gz",81187,81187,"uploaded","2026-09-02 23:36:00"
"pbcc-jsonbin","data_ward_prices_2026-09-02.bin","F:/GitHub/PlaceBasedCarbonCalculator/build/outputdata/jsonbin/data_ward_prices_2026-09-02.bin",3868048,3868048,"uploaded","2026-09-02 23:36:00"
"pbcc-jsonbin","index_ward_pt_frequency_2026-09-02.json.gz","F:/GitHub/PlaceBasedCarbonCalculator/build/outputdata/jsonbin/index_ward_pt_frequency_2026-09-02.json.gz",100781,100781,"uploaded","2026-09-02 23:36:00"
"pbcc-jsonbin","data_ward_pt_frequency_2026-09-02.bin","F:/GitHub/PlaceBasedCarbonCalculator/build/outputdata/jsonbin/data_ward_pt_frequency_2026-09-02.bin",8394880,8394880,"uploaded","2026-09-02 23:36:00"
"pbcc-jsonbin","index_ward_vehicle_summary_2026-09-02.json.gz","F:/GitHub/PlaceBasedCarbonCalculator/build/outputdata/jsonbin/index_ward_vehicle_summary_2026-09-02.json.gz",98297,98297,"uploaded","2026-09-02 23:36:00"
"pbcc-jsonbin","data_ward_vehicle_summary_2026-09-02.bin","F:/GitHub/PlaceBasedCarbonCalculator/build/outputdata/jsonbin/data_ward_vehicle_summary_2026-09-02.bin",8665896,8665896,"uploaded","2026-09-02 23:36:00"
